"","salary","names"
"1",14736,"Darin Casem"
"2",21261,"Jaelyn Groesbeck"
"3",16831,"Theodis Butler"
"4",34400,"Joewid Rettig"
"5",31239,"Breianna Gilbert"
"6",51580,"Marcus Gray II"
"7",49699,"Berenice Garcia"
"8",66805,"Elijah Garrett"
"9",49321,"Jeremiah Bishop Jr"
"10",67126,"Sultana al-Jabbour"
"11",48186,"Humaid el-Momin"
"12",36435,"Khang Yang"
"13",22801,"Cynthia Cervantes"
"14",67650,"Shaamikh el-Kamel"
"15",61028,"Walter Gomez"
"16",7783,"Tyler Simonson"
"17",65540,"Tandee Israel"
"18",47741,"Christopher Curtice"
"19",74605,"Trey Andrus"
"20",8845,"Bryan Martinez"
"21",3650,"Tristan Bentley"
"22",43958,"Faseeha el-Kazi"
"23",12153,"Dhaafir al-Mahdi"
"24",8977,"Cheyenne Coletta"
"25",33912,"Qamraaa el-Abdo"
"26",58677,"Hamdi el-Uddin"
"27",43230,"Jesus Rivera"
"28",48904,"Kayana Person"
"29",11970,"Valerie Whittaker"
"30",33954,"Ameer el-Javid"
"31",59532,"Donovon Patterson"
"32",41136,"Jonathan Sanders-Johnson"
"33",7790,"Tai Montoya"
"34",6240,"Alexandra Moyers"
"35",9637,"Jazmin Morales-Gonzalez"
"36",24983,"Logan Smith"
"37",45493,"Zirui Koh"
"38",6849,"Sarah West"
"39",46619,"Sierra Slowman"
"40",2570,"Seraphine Chea"
"41",56582,"Chelsea Galan"
"42",11882,"Saabira el-Mansoor"
"43",1582,"Katherine Lenard"
"44",61080,"Nathanael Green"
"45",30662,"Fahmi el-Sharif"
"46",31598,"Lucas Leclaire"
"47",45747,"Lubaaba al-Ahmadi"
"48",7277,"Anibal Deherrera"
"49",44990,"David Parker"
"50",56877,"Jamall Haynes"
"51",54156,"Chelsea Zand"
"52",67751,"Teresa Sanchez"
"53",9987,"Eliza Marder"
"54",26006,"Kaldurion Paul"
"55",30083,"Elise Baker"
"56",63235,"Roger Maddison"
"57",40242,"Benjamin Trujillo"
"58",37949,"Jonathan Bullock"
"59",39134,"Sara Salazar"
"60",42574,"Siraaj al-Salik"
"61",11292,"Chykeiljah Whitehorse"
"62",21524,"Ruth-Ann Vandegrift"
"63",26427,"Ariayanna Howard"
"64",3029,"Joseph Moreno"
"65",22560,"Anthony Valdez"
"66",41563,"Skyler White"
"67",13290,"Sabiyya el-Mohammed"
"68",9219,"Ammaar el-Galla"
"69",26523,"Andrew Hundley"
"70",24247,"Serena Lovell"
"71",21086,"Geoffrey Creel"
"72",20859,"Emily Ruder"
"73",61621,"Hilmi el-Hameed"
"74",47826,"Angela Kurihara"
"75",34611,"Darien Williams"
"76",21819,"Jash Mikyle Tizon"
"77",45051,"Sakeen al-Abbas"
"78",11407,"Lien Yamada"
"79",56857,"Joseph Hinz"
"80",4974,"Briana Jaques"
"81",1381,"Lindsey Hice"
"82",43459,"Omar Sima"
"83",70766,"Reginald Torres"
"84",19312,"Connor Adams"
"85",34631,"Marco Wake"
"86",59494,"Amru el-Sharifi"
"87",48582,"Marissa Harvey"
"88",37528,"Annissa Johnson"
"89",69353,"Nicholas Marrufo"
"90",74945,"Urwa el-Ismail"
"91",4369,"Angelita Cramer"
"92",59424,"Zshael Johnson"
"93",72160,"Ashlee Vaden"
"94",21623,"Mauro Rivera-Flores"
"95",63449,"Wajeeha el-Rafiq"
"96",69525,"Kelsey Prom"
"97",22181,"Ashley Latham"
"98",19484,"Mike Weinberg"
"99",43717,"Jorge Rietman"
"100",66759,"Tori Coriz"
"101",44955,"Haamida el-Jamail"
"102",61079,"Derrick Greene"
"103",13460,"Alayna Nguyen"
"104",23922,"Sean Liebelt"
"105",24243,"Mark Collins"
"106",37039,"Arturo Mayer"
"107",38168,"Sarah Castillo"
"108",64646,"Lindyn Hnulik"
"109",42892,"Donovan Begay"
"110",19980,"Jarvez Beckham"
"111",5234,"Brittany Miranowski"
"112",13310,"Nicole Swimmer"
"113",65580,"Sabrina Haji"
"114",56955,"Aaron Moore"
"115",32664,"Ruqayya al-Rahaim"
"116",42262,"Eleuterio Villa Noriega"
"117",28932,"Rebecca Eckhart"
"118",364,"Nicholas Hershey"
"119",16138,"Joey Perez"
"120",63068,"Kristen Valdivia"
"121",34892,"Julia Kimura"
"122",11465,"Faaid al-Habibi"
"123",13352,"Nicholas Bean"
"124",66411,"Tyler Kacprowicz"
"125",71814,"Umaima al-Kamal"
"126",73083,"Aliyya el-Basher"
"127",35853,"Lizette Lopez"
"128",28501,"Sarah Quan"
"129",6226,"Quincie Hill"
"130",49263,"Molly Pham"
"131",25127,"Rajaa el-Hafeez"
"132",66969,"Laten Yazzie"
"133",54011,"Ronald Lopez"
"134",20330,"Reema al-Azam"
"135",5470,"Kiana Yazzie"
"136",30285,"Miles Mangat"
"137",25992,"Michael Richardson"
"138",38105,"Aspen Flanegin"
"139",50112,"Carmen Serrano"
"140",64628,"Denny Huynh"
"141",22689,"Donovan Aragon"
"142",44268,"Essence Ison"
"143",59938,"Michael Weber"
"144",51577,"Zakiyya el-Farman"
"145",19354,"Marcel Preston"
"146",12899,"Jordan Singh"
"147",36359,"Matthew Krizmanich"
"148",59748,"Keziah Ross"
"149",4652,"Cherokee Arviso"
"150",71399,"Preston Sorokhan"
"151",68922,"Parker Maes"
"152",55739,"Ryan Lewis"
"153",9047,"David Trujillo"
"154",65335,"Lindsay Doyle"
"155",20779,"Walter Taylor"
"156",53057,"Antonio Velasquez Valenzuela"
"157",63330,"Madisyn Morquecho"
"158",4516,"Patrick Lovato"
"159",72255,"Matthew Carlson"
"160",28128,"Carlo Ceazar Ye"
"161",7423,"Falcon Gomez-Banuelos"
"162",10183,"Briana Rushdoony"
"163",22686,"Christopher Davis"
"164",750,"Miraf Wright"
"165",13645,"Abdur Raheem el-Karim"
"166",72350,"Kalvin Montoya"
"167",55691,"Amber Kinanee"
"168",17899,"Colin Sinner"
"169",12185,"Arnulfo Ramos"
"170",74374,"Ubaida el-Matar"
"171",33067,"Aracely Diaz"
"172",69680,"William Washburn"
"173",1451,"Humza Kim"
"174",21385,"Kaylee Nguyen"
"175",48917,"Autumn Lindgren"
"176",42231,"Linh Alsup"
"177",18632,"Zufar al-Hassan"
"178",56775,"Abdur Raheem el-Shaikh"
"179",44826,"Ammanuel Richardson"
"180",12484,"Haamida al-Ahmad"
"181",4040,"Bassaam el-Bacho"
"182",40487,"Anthon Chang"
"183",4840,"Chad Nienhuser"
"184",26607,"Shadhaa al-Fahs"
"185",15771,"Vicky Kim"
"186",28159,"Kaleb Coleman"
"187",66743,"Jake Im"
"188",42543,"Laphonso Vasquez"
"189",63922,"Dean Anderson"
"190",8134,"Ryan La"
"191",26253,"Jason Oraee"
"192",46859,"Rachel Hutto"
"193",24895,"Gabriel Velie"
"194",61295,"Jade Ramai"
"195",56696,"Gabrielle Abraha"
"196",18413,"Manaara al-Salaam"
"197",7977,"Juan Curiel"
"198",62346,"Genesis Harrison"
"199",14543,"Natalie Chau"
"200",60302,"John Bullock"
"201",66378,"Abdul Majeed al-Saade"
"202",4807,"Patrick Vasquez"
"203",20081,"Tiffany Krammer"
"204",27044,"Destinee Petrarca"
"205",58558,"Prasanna Simpson"
"206",46321,"Richard Breazell"
"207",49176,"Andy Burford"
"208",1163,"Andrew Buch"
"209",47884,"Gabriela Medina"
"210",39628,"Sarah Begay"
"211",68658,"Warner Cox"
"212",72242,"Alejandro Garcia"
"213",18204,"Ashqar el-Moradi"
"214",25009,"Afaaf el-Tabatabai"
"215",65311,"Naomi Henry"
"216",18163,"Jeelaan el-Zamani"
"217",24372,"Rifat al-Samad"
"218",22485,"Riyaal al-Sawaya"
"219",72623,"Daniel Abenes"
"220",35000,"Shelby Hansen"
"221",68219,"Sydney Lembke"
"222",74793,"Antonio Fierro"
"223",7736,"Nabeel al-Badour"
"224",25581,"Yahya el-Sadek"
"225",67237,"Max Desimone"
"226",40391,"Daniel Pavon"
"227",50334,"Colwyn Bron"
"228",33174,"Aasima al-Jan"
"229",71367,"Spencer Miller"
"230",483,"Faison Reynolds"
"231",1289,"Ayeli Puchi"
"232",9007,"Victoria Martinez"
"233",11334,"Benjamin Huggler"
"234",42971,"Anthony Patel"
"235",46438,"Shyanne Allen"
"236",8616,"Hadeel al-Mir"
"237",17948,"Marcos Cardenas-Gamboa"
"238",51870,"Marwaan el-Rasheed"
"239",67923,"Chloe Cox"
"240",58456,"Andre Todd"
"241",26059,"Sadie Perez"
"242",2743,"Cydney Sosa"
"243",16068,"Shafaaa el-Mostafa"
"244",7683,"Khaleefa el-Shakir"
"245",54479,"Maryan Muller"
"246",15472,"Rozell Cunningham"
"247",33497,"Robert Villalobos Gonzalez"
"248",59344,"Sergio Diaz"
"249",9289,"Manaal el-Jalil"
"250",12628,"Diego Nevarez"
"251",9398,"Nadeja Hopson"
"252",844,"Denisse Rodriguez"
"253",10839,"Jonte Hodges"
"254",71479,"Kristofer Navarro-Badillo"
"255",68795,"Jaime Renteria"
"256",25223,"Alexandra Krieger"
"257",1965,"Christoffer Alexander"
"258",26910,"Joshua Than"
"259",32147,"Nathan Bough"
"260",74495,"Gerardo Arroyo Ruiz"
"261",39225,"Kyla Tipton"
"262",14874,"Awf al-Kazemi"
"263",52321,"Vianney Aguilar"
"264",7029,"Jasmine Montgomery"
"265",70601,"Teachi Bacchus"
"266",14805,"Yeng Gettman"
"267",23973,"Jaleel Carwise"
"268",8041,"Bobby Girma"
"269",11740,"Tylar Nelson"
"270",51404,"Alexis Yong"
"271",15363,"Ali el-Khalili"
"272",42272,"Hilmiyya al-Reza"
"273",44471,"Alicia Thompson"
"274",16150,"Scott Kemp"
"275",27280,"Alonis Beightel"
"276",2127,"Cristina Marshall-Duran"
"277",57701,"Brianna Lopez"
"278",70699,"Yumi Pak"
"279",42871,"Chance Martizna"
"280",44599,"Brandon Van"
"281",22163,"Ciara Bastin"
"282",13642,"Alberto Alles"
"283",8418,"John Wahlert"
"284",26842,"Keenan Smith"
"285",22443,"Kyree Walker"
"286",30601,"Haley Hawley-Bowes"
"287",14696,"Nartrina Kasvin"
"288",9699,"Gilbert Shultz"
"289",31202,"Muhjar el-Sham"
"290",3478,"Isaiah Victoria"
"291",14942,"Victoria Lee"
"292",68349,"Melanie Sailor"
"293",22011,"David Quintana"
"294",36321,"Cody Pham"
"295",60930,"Andrew Kim"
"296",8145,"Brandon Munoz"
"297",74540,"Zackary Frankford"
"298",48193,"Julia Quint"
"299",20235,"Lars Marstrand"
"300",47490,"Leslie Hernandez Rios"
"301",4388,"Maeselle Hayes"
"302",4932,"Noel Sarsam"
"303",18154,"Treymond Lott"
"304",52587,"Azeeza el-Moustafa"
"305",69974,"Marrissa Fox"
"306",32237,"Geovanny Montez"
"307",10885,"Estevan Lilgerose"
"308",43460,"Dallas Wood"
"309",22835,"Austin Clardy"
"310",47189,"Sky Walker"
"311",57701,"Mequila Knodel-Eldridge"
"312",41707,"Ariel Duvall"
"313",41120,"Alexandria Shepherd"
"314",67253,"Laray Morrow"
"315",43912,"Jawaad al-Assad"
"316",44181,"Saige Deere"
"317",36534,"Micah Lor"
"318",70697,"Shukriyya al-Mohammed"
"319",25673,"Dewarren Leclaire"
"320",48185,"Humaina el-Rahimi"
"321",59975,"John Shrestha"
"322",56454,"Paloma Moreno"
"323",40909,"Tawny Frazer"
"324",66289,"Hamsa al-Aslam"
"325",70929,"Loretta Kuhn"
"326",54558,"Rashaa el-Ishmael"
"327",31313,"Arianna Hermanyhorses"
"328",1912,"Ntxuam Wang"
"329",65159,"Sierrah Garrette"
"330",41689,"Mara Singh"
"331",58269,"Alexandra Huck"
"332",4671,"Janis Mai"
"333",73882,"Jessica Matagaono"
"334",35090,"Brandon Fling-Salazar"
"335",56513,"Shaakir al-Yasin"
"336",55039,"Myles Brewer"
"337",71123,"Lucas Siekmeier"
"338",53791,"Saood el-Qadir"
"339",43366,"Haleema Nguyen"
"340",14867,"Chanse Holt"
"341",26454,"Kaitlyn Young"
"342",65985,"Sophia Kammer"
"343",56495,"Susan Phansaiyasack"
"344",33809,"Shirelle Garcia"
"345",65813,"Shaimaaa al-Allam"
"346",39397,"Brianne Wiens"
"347",67441,"Najwa el-Ansari"
"348",28569,"Joshua Bol"
"349",57210,"Mariah Nguyen-Duran"
"350",8848,"Alysse Thao"
"351",69953,"Luwai al-Mussa"
"352",69321,"Caesar Cobbins"
"353",52900,"Kelsey Martinez"
"354",25447,"Abdul Jaleel al-Sani"
"355",27381,"Marqueice Young"
"356",61022,"Saleet al-Aydin"
"357",73059,"Gianna Gray"
"358",10726,"Zaidaan al-Shaer"
"359",19236,"Charell Tan"
"360",61690,"Fawzia al-Rahaman"
"361",35862,"Austin Olguin"
"362",12964,"Jacob Vaughan"
"363",4247,"Madeleine Benson"
"364",43654,"Maahir el-Moradi"
"365",32024,"Albert Palaniappan"
"366",5889,"Andrew Johnson"
"367",56564,"Steven Shemel"
"368",22507,"Rachel Yachay"
"369",18959,"Faarooq el-Khawaja"
"370",17328,"Allie Shihadeh"
"371",71135,"Julia Guerra"
"372",45251,"Talon Carlton"
"373",24058,"Daniel Tandulwadikar"
"374",34506,"Dak Ray Hull"
"375",11836,"Fakeeha al-Hashem"
"376",11501,"Izza al-Firman"
"377",39642,"Ricardo Cuini"
"378",1611,"Edward Mindoro"
"379",64517,"Christina Gramm"
"380",15168,"Whitney Garcia"
"381",55085,"Stephen Barmann"
"382",5648,"Thomas Smith"
"383",996,"Alexander Billings"
"384",51914,"Ryoga Rusta"
"385",56229,"Davison Thomas"
"386",4317,"Patrick Sherlock"
"387",70266,"Raakaan el-Beshara"
"388",28197,"Firacoth Barnes"
"389",47564,"Austin Roach"
"390",70681,"Luis Contreras"
"391",30694,"Katelyn Lee"
"392",21990,"Huraira al-Aly"
"393",14012,"Rabi el-Aboud"
"394",24532,"Dominic Hernandez"
"395",38725,"Ashlie Perry"
"396",24390,"Eric Grim"
"397",66366,"Karina Arvizo"
"398",65329,"Rocky Orr"
"399",51107,"Blair Stevens"
"400",13907,"Arafaat el-Tariq"
"401",8807,"Kathryn Iarussi"
"402",62032,"Majdi al-Abdelrahman"
"403",55230,"Joe Olague"
"404",58902,"Rachel Dwyer"
"405",11026,"Raven North"
"406",34250,"L'Keisha Hendrix"
"407",42233,"Brittney Chapman"
"408",73695,"Samantha Johnson"
"409",33237,"Dorrian Smith"
"410",11041,"David Murad"
"411",19412,"Jacob Mcfall"
"412",17290,"Dominique Jones"
"413",72835,"Gisela Gant"
"414",23183,"Megan Null"
"415",61252,"Oscar Moreno"
"416",28556,"Abdul Quddoos el-Tabatabai"
"417",71335,"Sierra Tran"
"418",11326,"Mu'mina al-Faraj"
"419",38307,"Makayla Larson"
"420",54420,"Menoog Muckom"
"421",23437,"Jubilee Torres"
"422",44633,"Jordan Johnson"
"423",61535,"Laura Evans"
"424",69986,"Karen Chhay"
"425",28997,"Fayyaad el-Abood"
"426",44777,"Kateri Eriacho"
"427",15071,"Michael Taylor"
"428",8253,"Draven Sharkey"
"429",13847,"David Roussell"
"430",26509,"Elham Veres"
"431",20840,"Jasmine Ramirez"
"432",47657,"Cadin Jacket"
"433",23631,"Alyssa Hale"
"434",41190,"Taylor Palomo"
"435",35002,"Arieanna Garcia"
"436",60605,"Sabriyya al-Hatem"
"437",68727,"Katherine Valdez"
"438",34648,"Alawi al-Mousa"
"439",36826,"Sawada el-Salam"
"440",23885,"Brody Van Etten"
"441",70581,"Naasif al-Ghattas"
"442",44920,"Jori Dominguez-Cory"
"443",68340,"Destiny Hopkins"
"444",18587,"Wilfredo Sisneros"
"445",22304,"Justin Silveira"
"446",6495,"Ryan Zhou"
"447",27308,"David Hurrieta"
"448",11251,"Timothy Resch"
"449",71487,"Devyn Cronin"
"450",39331,"Christian Vassel"
"451",64392,"Michael Williams"
"452",6495,"Derrick Hildebrand"
"453",5627,"Mariah Guijosa"
"454",24187,"Hunter Matthews"
"455",39333,"Amanda Preap"
"456",20840,"Vianey Salazar"
"457",4934,"Zechariah Holmes"
"458",32451,"Insaaf el-Zahra"
"459",36867,"Joshua Marlow"
"460",31958,"Madhurima Piazza"
"461",59861,"Kenny Shen"
"462",44660,"Zubaida el-Begum"
"463",71643,"Anthony Esquivel"
"464",71383,"Travis Tran"
"465",17349,"Dominick Ramirez Enriquez"
"466",9471,"Mathew Eberhard"
"467",24510,"Elgin Kendrick"
"468",48247,"Johnny Gosney"
"469",16693,"Aiman el-Salloum"
"470",70501,"Taran Head-Cardena"
"471",1293,"Brittany Vasquez"
"472",73752,"Deanna Quin"
"473",33493,"Risa Krantz"
"474",13913,"Faarooq el-Salman"
"475",68832,"Stephen Jachetta"
"476",6097,"Laaiqa el-Riaz"
"477",27327,"Abdul Wadood al-Omer"
"478",28650,"Thewodros Moses"
"479",29487,"Tyler Elhussen"
"480",5428,"Savon Guyon"
"481",31991,"Noah Anderson"
"482",14547,"Emelie Pham"
"483",17700,"Samuel Angus"
"484",74594,"Maegen Clark"
"485",68024,"Noah Carmin"
"486",14204,"Juan Dominguez"
"487",57548,"Ameena el-Noori"
"488",21375,"Jonathan Snowberger"
"489",26493,"Jade Tompkins"
"490",44901,"Trejon Burgess"
"491",44088,"Marina Patel"
"492",39569,"Jacob Martin"
"493",24665,"Hamaama al-Dajani"
"494",50338,"Jeffrey Watts"
"495",21720,"Hilaal el-Syed"
"496",66856,"Carly Brumley"
"497",4415,"Arrlando Willis"
"498",65032,"Ghaada al-Harron"
"499",40069,"Kiana Scott"
"500",42016,"Johana Lira"
"501",2606,"Shannon Hannah"
"502",13505,"Jonathan Reed"
"503",70781,"Stacy Mahat"
"504",48357,"Najeeba al-Abdulla"
"505",10186,"Thailia Flakes"
"506",32184,"Christi Balagot"
"507",42525,"Savannah Tate"
"508",6780,"Belen Zarate"
"509",12621,"Michael Filipsack"
"510",72093,"Maggie Rose Slowman"
"511",40004,"Jacqueline Davis"
"512",6232,"Ryan Adams"
"513",65746,"Karl Lee"
"514",72431,"Faatin el-Bashara"
"515",5799,"Faaid el-Abbasi"
"516",29008,"Lyly Mercurio"
"517",22685,"Sean Kim"
"518",15972,"Miguel Erives"
"519",22668,"Michaela Greening"
"520",71786,"Angel Trujillo"
"521",25315,"Alyssa Retana"
"522",66871,"Shakeela al-Rehmann"
"523",25827,"Aimee Arenas"
"524",45590,"Derrica Hoffmann"
"525",60987,"Naasif al-Darwish"
"526",73534,"Cody Nakai"
"527",62429,"Kabeera el-Yacoub"
"528",34609,"Wesley Peebles"
"529",37540,"Sophia Sheldon"
"530",44044,"Jay Rivera"
"531",60169,"Danny Son"
"532",44381,"Zaaid el-Kaber"
"533",35868,"Ashalee Bellender"
"534",24337,"Vychele Gunnells"
"535",43009,"Alyssa Doan"
"536",21456,"Naasiruddeen al-Kamel"
"537",22396,"Michelle Balogh"
"538",578,"Ryan Walborn"
"539",42095,"Daris Iron Cloud"
"540",25613,"Megan Cornejo"
"541",55648,"John Thao"
"542",31398,"Christopher Jung"
"543",260,"Stevie Whiteskunk"
"544",26685,"Savannah Rodriguez"
"545",58367,"Mushtaaqa al-Faraj"
"546",3586,"Savannah Lopez"
"547",47169,"Samantha Martinez"
"548",63619,"Jonathan Nguyen"
"549",34048,"Muhjar al-Farooq"
"550",24396,"Jewell Malone"
"551",69267,"Lawrence Hoshiko"
"552",21046,"Alexis Richardson"
"553",65904,"Ray Brown"
"554",18757,"Naaji al-Farah"
"555",22315,"Janae Mcdonald"
"556",27802,"Hysendra Quick Bear"
"557",60645,"Maria Prieto"
"558",7653,"Shelby Watchman"
"559",64105,"Lacey Kennedy"
"560",15252,"Asia Lorquet"
"561",51208,"Christopher Ramos-Cabanas"
"562",32220,"Lilstar Villanueva"
"563",35259,"Paulina Marin"
"564",72027,"Clovis Kersh"
"565",58229,"Steven Inthavong"
"566",27915,"Mena Vongrith"
"567",56591,"Luwai al-Salama"
"568",35102,"Anita Kim"
"569",19208,"Kyana Carpenter"
"570",39001,"Julius Dew-Merriex"
"571",11054,"Saalima al-Zia"
"572",15097,"Denver Murphy"
"573",69799,"Jessica Nelson"
"574",51475,"Bradley Ford"
"575",17831,"Carly Pensoneau"
"576",2049,"Colin Barnard"
"577",5482,"Chakara Wetsch"
"578",54053,"Allison Lee"
"579",51233,"Christiana Motycka"
"580",7899,"Cody Torres Gonzalez"
"581",58198,"Niavis Navajo"
"582",4031,"Bryan Rodrukkwun"
"583",22797,"Takayla Nwairo"
"584",29552,"Ashleigh Blunck"
"585",33887,"Jordyn Marshall"
"586",50147,"Muhjar al-Sala"
"587",40508,"Aslam al-Hariri"
"588",55747,"Isaiah Chavez"
"589",22555,"Teresa Bautista"
"590",43533,"Jordan Alkire"
"591",14746,"Katherine Mejia"
"592",73755,"Isaac Silverston"
"593",74218,"Benjamin Callahan"
"594",11651,"Marcos Guerra"
"595",14066,"Jessica Wakasugi"
"596",26041,"Jorge Barron"
"597",31062,"Rikk Au"
"598",73406,"Charity Nichols"
"599",40755,"Kia Lobato"
"600",18811,"Jared Omani"
"601",248,"Justin Thompson"
"602",45827,"Devin Fitzgerald"
"603",19330,"Bilaal al-Ally"
"604",18931,"Rafeeda el-Saba"
"605",17634,"Angel Azure"
"606",25036,"Jaleela el-Jafri"
"607",51058,"Bryce Roelle"
"608",3308,"Kaitlyn Slott"
"609",73971,"Dakota Barragan"
"610",27213,"Kiran Xu"
"611",66862,"Aubrey Fraley"
"612",2719,"Sheldon Dillard"
"613",59969,"Melissa Mcconnell"
"614",28501,"Hassan Mclaughlin"
"615",11785,"Cassidy Wade"
"616",49095,"Mariah Navarro"
"617",7751,"Casandra Ojeda"
"618",12868,"Tyra Begaye"
"619",13954,"Erick Richards"
"620",25824,"Ramziyya al-Samaan"
"621",63806,"Emilio Gurreri"
"622",20573,"Gabriel Bohanon"
"623",9078,"Dante Johnson"
"624",3905,"Michael Mose"
"625",6526,"Dulce Carrera"
"626",19131,"Bradley Schear"
"627",45779,"Annika Stewart"
"628",9729,"April Guerrero"
"629",9711,"Corey Glova"
"630",22766,"Serina Gutierrez"
"631",34817,"Daniel Khatter"
"632",41858,"Joshua Jones"
"633",31969,"Antonio Montes"
"634",25058,"Daniel Klimecki"
"635",39894,"Dominique Martin"
"636",43455,"Berlyn Gorishek"
"637",11309,"Pedro Becerra"
"638",60267,"Portia Yellowboy"
"639",52328,"Thu Lew"
"640",14416,"Sarahray Watts"
"641",15537,"Hsiang Kakinari"
"642",62421,"Briana Johnson"
"643",57348,"Mariah Kamidate"
"644",13586,"Hannah Hammen"
"645",51010,"Consuelo Guzman"
"646",47528,"David Ponce"
"647",25332,"Mathieu Freeman"
"648",2120,"Lillian Yang"
"649",31157,"Sierra Nicol"
"650",6191,"Macennia Gurule"
"651",32406,"Jeffrey James"
"652",4503,"Jenna Patton"
"653",30191,"Lorant Mcpherson"
"654",8792,"Wallace Fourhorn"
"655",2422,"Wanbli Begay"
"656",24882,"Nickolas Soto"
"657",6801,"Dej A Teiara Olaka"
"658",35979,"Sabra Henderson"
"659",6947,"Johnnyjo Gonzalez Godinez"
"660",66323,"Naqiyya al-Srour"
"661",70600,"Micah Corby"
"662",8485,"Dazmine Adams"
"663",24676,"Stephanie Solberg"
"664",64934,"Sabri al-Zaki"
"665",2725,"Karen Lopez"
"666",64264,"Ruben Sanchez"
"667",17868,"Brittany Mackey"
"668",59306,"Kayla Begay"
"669",1580,"Allen-Michael Olson"
"670",40266,"Shawntay Luciano"
"671",39636,"Alice Ombadykow"
"672",46230,"Monica Truong"
"673",48889,"Courtney Espinosa"
"674",19142,"Tufail al-Hashmi"
"675",39103,"Vanessa Lee"
"676",57996,"Elizabeth Romero"
"677",24904,"Domonique Fuentes"
"678",18535,"Zubair al-Kaleel"
"679",4210,"Alicia Loya"
"680",36867,"Sierra Perez II"
"681",73643,"Haley Fox"
"682",29335,"Carl Schuermann"
"683",21723,"Mahkena Davis-Tubbs"
"684",51818,"Joel Ibarra"
"685",43125,"Nicholas Sahagun"
"686",71189,"Raafi el-Hossain"
"687",2739,"Safar al-Ayub"
"688",68181,"Richard Lovan"
"689",16820,"Hadiyya el-Ayoub"
"690",33497,"Leo Strock"
"691",55537,"Delano Cosio-Martinez"
"692",54853,"Brian Armijo"
"693",46366,"Junaid al-Mirza"
"694",8040,"Rishab Io"
"695",16874,"Miriah Caldwell"
"696",52475,"Dominique Parrow"
"697",47108,"Brendin Johnson"
"698",38707,"Edgar Lowe"
"699",54078,"Shukri el-Lodi"
"700",33772,"Andres Romero"
"701",61639,"Angel Mohedano"
"702",12102,"Deren Carrillo"
"703",36302,"Kamaal al-Muhammed"
"704",71074,"Chelsie Smith"
"705",28798,"Alexander Amezquita Hernandez"
"706",19206,"Patrick Ward"
"707",5469,"Steven Toone"
"708",64824,"Paul Cordova"
"709",21117,"Evan Lofton"
"710",21006,"Cassandra Valles"
"711",29815,"Ronald Morgan"
"712",73709,"Matthew Ortiz-Case"
"713",68097,"Megan Garcia"
"714",63987,"Sultana al-Sultan"
"715",22265,"Michael Schmidt"
"716",15440,"Jorden Jordan"
"717",71586,"Donovan Degena"
"718",38909,"Meghana Lor"
"719",52045,"Chase Bachman"
"720",13156,"Maurye Beckley"
"721",41571,"Muthanna el-Baten"
"722",68959,"Ghaaziya el-Hamad"
"723",15764,"Sadie Sharpe"
"724",57256,"Mahfooz el-Saad"
"725",67934,"Hujja al-Fahmy"
"726",59800,"Briauna Bales"
"727",63755,"Tyler Perkins"
"728",43277,"Tyler Hatchell"
"729",6121,"Miranda Tuytschaevers"
"730",16913,"Patrick Carpinelli"
"731",25540,"Bridger Neese"
"732",41267,"Meidy Ramirez"
"733",17174,"Kelly Hammond"
"734",32420,"Tyler Goldsberry"
"735",42413,"Menoog Nelson"
"736",38312,"Keylian Rupert"
"737",61928,"Muneeb el-Mahmood"
"738",16922,"Tyauna Carter"
"739",23373,"Saalima el-Asmar"
"740",50754,"Karla Wupper"
"741",51429,"Winston Quan"
"742",67646,"Timothy Arnstad"
"743",55356,"Chelsea Kassahun"
"744",66200,"Jester-Jethro Nguyen"
"745",73809,"Kirie Mcclendon"
"746",11262,"Wesley Solaas"
"747",4379,"Hailey Matson"
"748",50772,"Nabeel al-Rasheed"
"749",46254,"Abdul Hakeem al-Shabazz"
"750",39565,"Roemello Luster"
"751",67078,"Ceara Pommier"
"752",71943,"Amber Green"
"753",68184,"Ryli Williams"
"754",38938,"Jenna Haig"
"755",15241,"Aram May"
"756",52608,"Miracle Crockett"
"757",16609,"Zubair al-Ammar"
"758",35626,"Olivia Adams"
"759",17975,"Elizabeth Ortega-Duron"
"760",17257,"Kyle Pinnecoose"
"761",12873,"Muzaina el-Sadek"
"762",56509,"Kennia Theis"
"763",34998,"Sam Khan-Akbari"
"764",51066,"Faatin al-Dada"
"765",2873,"Raquel Leyba"
"766",25510,"Sandy Bustamante-Aguilar"
"767",11421,"Subhi el-Nazir"
"768",6142,"Natalie Park"
"769",27173,"Avona Griffith"
"770",13280,"Dupree Wallace"
"771",70746,"Nada al-Ammar"
"772",26670,"Kaylynn Fulcher"
"773",22032,"Sheldon Hernandez"
"774",15769,"Maaiz al-Hoque"
"775",21405,"Tam Willoughby"
"776",22582,"Dana Dahlberg"
"777",10260,"Laura Gonzalez Terrazas"
"778",67740,"Linda Romero"
"779",33462,"Tianna Espinoza"
"780",13471,"Sunee Murali"
"781",4686,"Umaima al-Muhammad"
"782",64714,"Ian Narans"
"783",24253,"Noah Flynn"
"784",60103,"Manuelito Wilson"
"785",69033,"Jadeyunuet Martinez"
"786",51253,"Aasima el-Sarah"
"787",60528,"Shirelle Allen"
"788",20769,"Adam Ames"
"789",44579,"Matagi Mitta"
"790",6635,"Olivia Garcia"
"791",3026,"Cherokee Johnson"
"792",10714,"Ghaada el-Ahmad"
"793",49643,"John Saito"
"794",16103,"Benjamin Christensen"
"795",35757,"Daniel Sun"
"796",20394,"Alexis Johnson"
"797",42986,"Abyad al-Kader"
"798",32837,"Kanaan el-Ansari"
"799",4766,"Nahom Crowley"
"800",39211,"Brianna Torres"
"801",34003,"Brenna Lambert"
"802",52174,"Christopher Petterson"
"803",35034,"Brittany Moreno"
"804",55,"Muhaajir el-Ayoub"
"805",21877,"Sonnie Stroup"
"806",50042,"Tania Klose"
"807",14512,"Krystal Kindell"
"808",24121,"Savannah Miner"
"809",20616,"Bridget Bergman"
"810",68882,"Devan Mcdowell"
"811",70568,"Christopher Dickerson"
"812",6259,"Rachel Roth"
"813",65970,"Jeremy Guerue"
"814",26159,"Austin Tyars"
"815",22918,"Francisco Sandoval"
"816",8139,"Brittany Turner"
"817",40099,"Anthony Kwan"
"818",69989,"Shuaib al-Khatib"
"819",4399,"Abdut Tawwab al-Sala"
"820",68633,"Bailey Storey"
"821",11458,"Christian Padilla-Scott"
"822",8749,"Abdul Jabbaar al-Sarwar"
"823",16994,"Olivia Ruiz"
"824",41111,"Morgan Funk"
"825",40339,"Brenda Sandoval"
"826",35055,"Samantha Dam"
"827",32429,"Daylamae Williams"
"828",32396,"Oscar Mosqueira"
"829",32590,"Lindsay Lee"
"830",69217,"Haakima el-Shakir"
"831",46899,"Marcello Dodge"
"832",38828,"Joseph Rose"
"833",7680,"Alexander Kang"
"834",30084,"Jathan Hill"
"835",50774,"Zaghlool el-Ahmad"
"836",62558,"Felisia Gutierrez"
"837",26905,"Gabrielle Sperry"
"838",61415,"Aamir al-Shad"
"839",38357,"Brandi Smith"
"840",70899,"Luwai el-Habib"
"841",54245,"Ravindra Senters"
"842",25726,"Zachary Brown"
"843",74122,"Mahdhoodha al-Ahsan"
"844",39422,"Tracy Lipps"
"845",14424," Saalih al-Shahidi"
"846",54495,"Jawhara al-Attar"
"847",37756,"Qamraaa al-Muhammad"
"848",40963,"Gladys Naulls"
"849",62151,"Marquis Pallister"
"850",42311,"Christina Cha"
"851",73421,"Jaysen Seymour"
"852",44264,"Stephanie Flemons"
"853",25541,"Morgan D'Ovidio"
"854",50589,"Muhyddeen al-Assaf"
"855",50359,"Quinten Coriz"
"856",33306,"Isaam el-Saeed"
"857",17164,"Elen Cooley"
"858",35203,"Jake Patterson"
"859",10837,"Solomon Szympruch"
"860",40542,"Rachel Caille"
"861",60682,"Katherine Awtrey"
"862",8008,"Karol Puentes Villanueva"
"863",36925,"Jeffrey Chung"
"864",12123,"Zoe Walker"
"865",9878,"Urwa al-Zafar"
"866",41145,"Samuel Cushon"
"867",67265,"Milton Nakai"
"868",15059,"Qaaida al-Massoud"
"869",42272,"Shantae Thomas"
"870",33935,"Johnny Yan"
"871",31951,"Mawhiba al-Kaba"
"872",50277,"Brittany Brown"
"873",18431,"Ronny West"
"874",49812,"Monica Clark"
"875",20337,"Benjamin Spires"
"876",41753,"Long Nguyen"
"877",60071,"Destiny Haggard"
"878",43143,"Mckayla White"
"879",41521,"Tony Watterson"
"880",64341,"Simran Rezaie-Khodabandelou"
"881",65463,"Anas el-Faris"
"882",33141,"Maajida al-Yacoub"
"883",13562,"Cheryl Charley"
"884",4055,"Ian Eidson"
"885",16808,"Taydra Oldham"
"886",7239,"Brianna Contreras"
"887",15685,"Atheer el-Rahaim"
"888",25834,"Asghar el-Kamali"
"889",55217," Sakeena al-Badour"
"890",71658,"Caleb Heaton"
"891",62178,"Edward Bowen"
"892",7118,"Maria Gabbay"
"893",48677,"Alejandra Cereceres"
"894",8499,"Roberto Montoya-Gonsalez"
"895",61573,"Saadiq al-Ozer"
"896",10225,"Matthew Matheson"
"897",5255,"Cody Bird"
"898",3085,"Rian Peebles"
"899",42088,"Hadeel el-Laham"
"900",14121,"Kokenia Morford"
"901",40730,"Amber Varanai"
"902",56722,"Jenna Pelham"
"903",6037,"Isaiah Hernandez"
"904",69145,"Alexis Villagomez"
"905",73149,"Albert Nuebel"
"906",56597,"Anthony Shaw"
"907",1343,"Aurelia Brooks"
"908",60218,"Shafeeq el-Sabir"
"909",8318,"Muhyddeen el-Reza"
"910",40747,"Victoria Stanley"
"911",35754,"Michelle Red"
"912",41217,"Moses Garcia"
"913",25143,"Joshua Slee Ackerson"
"914",20432,"Justin Palilla"
"915",38163,"Nathan Nelson"
"916",31688,"Jasmine Smith"
"917",72229,"Zaquin Watts"
"918",37824,"Geliscia Burnett"
"919",62353,"Ashante Mehrotra"
"920",6122,"Mckayla Rozinski"
"921",50141,"Jaime Palacios"
"922",19508,"Jamal Morris"
"923",22482,"Abdul Azeez el-Khan"
"924",8275,"Elijah Thomas"
"925",25417,"Sara Suto"
"926",45353,"Ethan Maltos-Munoz"
"927",19034,"Melanie Hutchison"
"928",65596,"Sidharth Lee"
"929",47878,"Eugene Ho"
"930",17858,"David Mark"
"931",35041,"Heaven Chee"
"932",26788,"Christopher Martinez"
"933",63756,"Lavina Griego"
"934",65050,"Erik Padilla"
"935",67153,"Qing Pham"
"936",52379,"Carrie Alcon"
"937",56699,"Nicole Gaines-Chyr"
"938",36945,"Lluvia Ramirez"
"939",2958,"Dale Lawson"
"940",49238,"Maisoon el-Pirani"
"941",73420,"Kiandra Richardson"
"942",32402,"Jerald Rockwell"
"943",23788,"Antonia Gonzalez"
"944",8223,"Lawrance Flores"
"945",23426,"Breonna Paplow"
"946",3759,"Cante Little"
"947",74891,"Samuel Patterson"
"948",25706,"Regan Haynes"
"949",59215,"Nayeli Lopez"
"950",49353,"Gilberto Valenzuela"
"951",40123,"Hafsa el-Mian"
"952",53386,"Anthony Jones"
"953",22098,"Jesse-Reese Castille"
"954",17480,"Laura Porter"
"955",3334,"Hamid Frye"
"956",37505,"Jaqueila Herbert"
"957",36846,"Thuvan Cabael"
"958",74705,"Karen Martinsen"
"959",68341,"Travis Vigil"
"960",28290,"Matthew Mishra"
"961",53367,"Christopher Garcia"
"962",1410,"Zachary Halbert"
"963",69344,"Wadee'a al-Amen"
"964",38273,"Kyle Thorpe"
"965",15124,"Jacob Amos"
"966",19563,"Shavonnie Trammell"
"967",58069,"Orlando Pesante"
"968",11043,"Brianna Jacket"
"969",30713,"Jamice Gomez"
"970",3524,"Luis Ruiz"
"971",2569,"Dylan Miskin"
"972",58396,"Sean Chommala"
"973",52983,"Howard Ryckman"
"974",48439,"Joseph Coleman"
"975",35000,"Waleeda el-Begum"
"976",67246,"Saami al-Rayes"
"977",5688,"Jennifer Huber"
"978",5512,"Shasta Wilson"
"979",29098,"Taten Gordon-Hughes"
"980",39011,"Juhaina al-Dada"
"981",44007,"William James"
"982",36426,"Samarah Lara"
"983",73583,"Tyler Summers"
"984",69659,"Perla Seiler"
"985",17249,"Portia Quint"
"986",37777,"Parker Outhouse"
"987",29648,"Tanner Forsyth"
"988",61090,"Hy Herring"
"989",4032,"Uwais el-Latif"
"990",62309,"Viola Delgado"
"991",48881,"Nicola Tran"
"992",40589,"Sadeeqa al-Khalili"
"993",63383,"Isaac Lee"
"994",67604,"Jose Sena"
"995",59013,"Kathryn Murphy"
"996",69652,"Savannah Aguirre Padilla"
"997",66800,"Jessica Barnes"
"998",2453,"Joylensia Martinez"
"999",51892,"Tong Lee"
"1000",38176,"Lauren Haddox"
"1001",64872749,"William Gloyd"
"1002",40513827,"Molly Miramontes"
"1003",36425620,"Teresa Zhang"
"1004",6927615,"Noori al-Zadeh"
"1005",38066133,"Branden Banuelos"
"1006",99374485,"Chase Fulla"
"1007",47209115,"Lena Lee"
"1008",40836782,"Wayne Dominguez"
"1009",62190541,"Haatim al-Abbas"
"1010",94908308,"Shane Uc"
"1011",98347749,"Anthony Cardenas"
"1012",13644936,"Marquies Harris"
"1013",93494201,"Afaaf al-Mattar"
"1014",18700283,"Nathan Conrad"
"1015",42858592,"Panyia Min"
"1016",60958103,"Austin Yoshida"
"1017",68891450,"Muneera al-Fadel"
"1018",63384690,"Shonna Byrne"
"1019",52545240,"Victoria Ancheta"
"1020",11617649,"Jessica Wu"
"1021",21200546,"Matthew Medina"
"1022",46448237,"Naomi Kirbow"
"1023",12662453,"Safiyya el-Pashia"
"1024",33369223,"Keara Saracay"
"1025",73573017,"Alexandra Palmer"
